{"cameraMode":{"drawMode":0,"name":"Shaded","section":"Shading Mode"},"sceneLighting":true,"audioPlay":false,"sceneViewState":{"showFog":false,"showMaterialUpdate":false,"showSkybox":false,"showFlares":false,"showImageEffects":false,"showParticleSystems":false},"in2DMode":false,"pivot":{"x":0.10696777701377869,"y":1.282680869102478,"z":-1.1315271854400635},"rotation":{"x":-0.001332498504780233,"y":-0.9968133568763733,"z":0.07790953665971756,"w":-0.017048971727490426},"size":1.936187982559204,"orthographic":false}