{"cameraMode":{"drawMode":0,"name":"Shaded","section":"Shading Mode"},"sceneLighting":true,"audioPlay":false,"sceneViewState":{"showFog":false,"showMaterialUpdate":false,"showSkybox":false,"showFlares":false,"showImageEffects":false,"showParticleSystems":false},"in2DMode":false,"pivot":{"x":-3.9510817527770998,"y":1.0230159759521485,"z":0.6405152678489685},"rotation":{"x":0.033704034984111789,"y":-0.6616401076316834,"z":0.029793910682201387,"w":0.7484715580940247},"size":2.9723024368286135,"orthographic":false}