{"cameraMode":{"drawMode":0,"name":"Shaded","section":"Shading Mode"},"sceneLighting":false,"audioPlay":false,"sceneViewState":{"showFog":false,"showMaterialUpdate":false,"showSkybox":false,"showFlares":false,"showImageEffects":false,"showParticleSystems":false},"in2DMode":false,"pivot":{"x":0.14352038502693177,"y":-2.9830732345581056,"z":7.796074867248535},"rotation":{"x":0.1612795889377594,"y":0.012436458840966225,"z":-0.0020325370132923128,"w":0.9868282675743103},"size":6.2542405128479,"orthographic":false}