{"cameraMode":{"drawMode":0,"name":"Shaded","section":"Shading Mode"},"sceneLighting":true,"audioPlay":false,"sceneViewState":{"showFog":false,"showMaterialUpdate":false,"showSkybox":false,"showFlares":false,"showImageEffects":false,"showParticleSystems":false},"in2DMode":false,"pivot":{"x":-0.7253937721252441,"y":0.5487264394760132,"z":0.7080986499786377},"rotation":{"x":0.14683306217193604,"y":-0.32291024923324587,"z":0.05078667029738426,"w":0.9335897564888},"size":2.305042266845703,"orthographic":false}