{"cameraMode":{"drawMode":0,"name":"Shaded","section":"Shading Mode"},"sceneLighting":true,"audioPlay":false,"sceneViewState":{"showFog":false,"showMaterialUpdate":false,"showSkybox":false,"showFlares":false,"showImageEffects":false,"showParticleSystems":false},"in2DMode":false,"pivot":{"x":-0.07993585616350174,"y":0.8395715951919556,"z":-1.147348403930664},"rotation":{"x":-0.0019260020926594735,"y":0.9930285215377808,"z":-0.11671742051839829,"w":-0.016386575996875764},"size":1.9749314785003663,"orthographic":false}