{"cameraMode":{"drawMode":0,"name":"Shaded","section":"Shading Mode"},"sceneLighting":true,"audioPlay":false,"sceneViewState":{"showFog":false,"showMaterialUpdate":false,"showSkybox":false,"showFlares":false,"showImageEffects":false,"showParticleSystems":false},"in2DMode":false,"pivot":{"x":-0.022405393421649934,"y":1.0936936140060425,"z":-0.30587238073349},"rotation":{"x":-0.0035933577455580236,"y":0.9907419085502625,"z":-0.1330554485321045,"w":-0.02675664983689785},"size":1.936187982559204,"orthographic":false}