{"cameraMode":{"drawMode":0,"name":"Shaded","section":"Shading Mode"},"sceneLighting":true,"audioPlay":false,"sceneViewState":{"showFog":false,"showMaterialUpdate":false,"showSkybox":false,"showFlares":false,"showImageEffects":false,"showParticleSystems":false},"in2DMode":false,"pivot":{"x":-0.1077113151550293,"y":1.1632663011550904,"z":-0.818800687789917},"rotation":{"x":-0.028978880494832994,"y":0.9632813930511475,"z":-0.1161518543958664,"w":-0.2403305619955063},"size":1.674931526184082,"orthographic":false}