{"cameraMode":{"drawMode":0,"name":"Shaded","section":"Shading Mode"},"sceneLighting":false,"audioPlay":false,"sceneViewState":{"showFog":false,"showMaterialUpdate":false,"showSkybox":false,"showFlares":false,"showImageEffects":false,"showParticleSystems":false},"in2DMode":false,"pivot":{"x":-0.2903745174407959,"y":0.24574875831604005,"z":-0.3032136559486389},"rotation":{"x":0.12337986379861832,"y":-0.7022953629493713,"z":0.12562093138694764,"w":0.6897668242454529},"size":2.0495002269744875,"orthographic":false}