{"cameraMode":{"drawMode":0,"name":"Shaded","section":"Shading Mode"},"sceneLighting":true,"audioPlay":false,"sceneViewState":{"showFog":false,"showMaterialUpdate":false,"showSkybox":false,"showFlares":false,"showImageEffects":false,"showParticleSystems":false},"in2DMode":false,"pivot":{"x":-0.06559152901172638,"y":1.1357488632202149,"z":-1.218484878540039},"rotation":{"x":-0.0019260020926594735,"y":0.9930285215377808,"z":-0.11671742051839829,"w":-0.016386575996875764},"size":1.674931526184082,"orthographic":false}