{"cameraMode":{"drawMode":0,"name":"Shaded","section":"Shading Mode"},"sceneLighting":true,"audioPlay":false,"sceneViewState":{"showFog":false,"showMaterialUpdate":false,"showSkybox":false,"showFlares":false,"showImageEffects":false,"showParticleSystems":false},"in2DMode":false,"pivot":{"x":-1.5416629314422608,"y":0.5214448571205139,"z":2.6922190189361574},"rotation":{"x":-0.11828464269638062,"y":0.26356491446495058,"z":-0.03258312866091728,"w":-0.9568095803260803},"size":2.9140231609344484,"orthographic":false}