{"cameraMode":{"drawMode":0,"name":"Shaded","section":"Shading Mode"},"sceneLighting":false,"audioPlay":false,"sceneViewState":{"showFog":false,"showMaterialUpdate":false,"showSkybox":false,"showFlares":false,"showImageEffects":false,"showParticleSystems":false},"in2DMode":false,"pivot":{"x":2.8730320930480959,"y":-5.808362007141113,"z":2.918517827987671},"rotation":{"x":0.381346732378006,"y":0.4314277470111847,"z":-0.20808330178260804,"w":0.7906621694564819},"size":5.736922740936279,"orthographic":false}