{"cameraMode":{"drawMode":0,"name":"Shaded","section":"Shading Mode"},"sceneLighting":true,"audioPlay":false,"sceneViewState":{"showFog":false,"showMaterialUpdate":false,"showSkybox":false,"showFlares":false,"showImageEffects":false,"showParticleSystems":false},"in2DMode":false,"pivot":{"x":-1.6651630401611329,"y":0.3433511257171631,"z":0.9645628929138184},"rotation":{"x":0.2331298291683197,"y":-0.6485442519187927,"z":0.21888668835163117,"w":0.6907455325126648},"size":2.9933202266693117,"orthographic":false}