{"cameraMode":{"drawMode":0,"name":"Shaded","section":"Shading Mode"},"sceneLighting":true,"audioPlay":false,"sceneViewState":{"showFog":false,"showMaterialUpdate":false,"showSkybox":false,"showFlares":false,"showImageEffects":false,"showParticleSystems":false},"in2DMode":false,"pivot":{"x":-4.328408718109131,"y":-0.5196840763092041,"z":-4.960151672363281},"rotation":{"x":0.04663432016968727,"y":-0.93070387840271,"z":0.1278361827135086,"w":0.3395184576511383},"size":4.7466583251953129,"orthographic":false}