{"cameraMode":{"drawMode":0,"name":"Shaded","section":"Shading Mode"},"sceneLighting":true,"audioPlay":false,"sceneViewState":{"showFog":false,"showMaterialUpdate":false,"showSkybox":false,"showFlares":false,"showImageEffects":false,"showParticleSystems":false},"in2DMode":false,"pivot":{"x":-1.8612890243530274,"y":-0.1290283203125,"z":-1.6787490844726563},"rotation":{"x":0.07998596131801605,"y":-0.9039655923843384,"z":0.1940915286540985,"w":0.3725290894508362},"size":3.3597233295440676,"orthographic":false}