{"cameraMode":{"drawMode":0,"name":"Shaded","section":"Shading Mode"},"sceneLighting":false,"audioPlay":false,"sceneViewState":{"showFog":false,"showMaterialUpdate":false,"showSkybox":false,"showFlares":false,"showImageEffects":false,"showParticleSystems":false},"in2DMode":false,"pivot":{"x":-3.764913558959961,"y":-0.7579822540283203,"z":7.248308181762695},"rotation":{"x":0.16713303327560426,"y":-0.6508511900901794,"z":0.1499916911125183,"w":0.7252324819564819},"size":10.920249938964844,"orthographic":false}