{"cameraMode":{"drawMode":0,"name":"Shaded","section":"Shading Mode"},"sceneLighting":true,"audioPlay":false,"sceneViewState":{"showFog":false,"showMaterialUpdate":false,"showSkybox":false,"showFlares":false,"showImageEffects":false,"showParticleSystems":false},"in2DMode":false,"pivot":{"x":-1.9353551864624024,"y":0.12796735763549806,"z":1.1149895191192628},"rotation":{"x":0.20127113163471223,"y":-0.4919138252735138,"z":0.11803603172302246,"w":0.8387959003448486},"size":2.305042266845703,"orthographic":false}