{"cameraMode":{"drawMode":0,"name":"Shaded","section":"Shading Mode"},"sceneLighting":true,"audioPlay":false,"sceneViewState":{"showFog":false,"showMaterialUpdate":false,"showSkybox":false,"showFlares":false,"showImageEffects":false,"showParticleSystems":false},"in2DMode":false,"pivot":{"x":-1.9523875713348389,"y":1.9431995153427125,"z":-8.213254928588868},"rotation":{"x":0.026863068342208864,"y":-0.8387629985809326,"z":0.041552718728780749,"w":0.5422450304031372},"size":1.4129223823547364,"orthographic":false}