{"cameraMode":{"drawMode":0,"name":"Shaded","section":"Shading Mode"},"sceneLighting":true,"audioPlay":false,"sceneViewState":{"showFog":false,"showMaterialUpdate":false,"showSkybox":false,"showFlares":false,"showImageEffects":false,"showParticleSystems":false},"in2DMode":false,"pivot":{"x":-0.8080191612243652,"y":0.9381409883499146,"z":-0.005171979311853647},"rotation":{"x":0.08254288882017136,"y":-0.7022726535797119,"z":0.08254288136959076,"w":0.7022726535797119},"size":2.6050422191619875,"orthographic":false}