{"cameraMode":{"drawMode":0,"name":"Shaded","section":"Shading Mode"},"sceneLighting":false,"audioPlay":false,"sceneViewState":{"showFog":false,"showMaterialUpdate":false,"showSkybox":false,"showFlares":false,"showImageEffects":false,"showParticleSystems":false},"in2DMode":false,"pivot":{"x":-0.5392390489578247,"y":0.7985144853591919,"z":1.5494790077209473},"rotation":{"x":-0.0906272679567337,"y":0.12691573798656465,"z":-0.011645346879959107,"w":-0.9876963496208191},"size":1.1864259243011475,"orthographic":false}