{"cameraMode":{"drawMode":0,"name":"Shaded","section":"Shading Mode"},"sceneLighting":true,"audioPlay":false,"sceneViewState":{"showFog":false,"showMaterialUpdate":false,"showSkybox":false,"showFlares":false,"showImageEffects":false,"showParticleSystems":false},"in2DMode":false,"pivot":{"x":-4.364553928375244,"y":-0.4077162742614746,"z":-4.970689296722412},"rotation":{"x":0.04663432016968727,"y":-0.93070387840271,"z":0.1278361827135086,"w":0.3395184576511383},"size":5.346658706665039,"orthographic":false}