{"cameraMode":{"drawMode":0,"name":"Shaded","section":"Shading Mode"},"sceneLighting":false,"audioPlay":false,"sceneViewState":{"showFog":false,"showMaterialUpdate":false,"showSkybox":false,"showFlares":false,"showImageEffects":false,"showParticleSystems":false},"in2DMode":false,"pivot":{"x":0.039502859115600589,"y":1.7399225234985352,"z":0.7194774150848389},"rotation":{"x":0.027509672567248346,"y":0.9720844030380249,"z":-0.1499004364013672,"w":0.17839659750461579},"size":2.908961296081543,"orthographic":false}