{"cameraMode":{"drawMode":0,"name":"Shaded","section":"Shading Mode"},"sceneLighting":true,"audioPlay":false,"sceneViewState":{"showFog":false,"showMaterialUpdate":false,"showSkybox":false,"showFlares":false,"showImageEffects":false,"showParticleSystems":false},"in2DMode":false,"pivot":{"x":-5.694733619689941,"y":2.3965020179748537,"z":-1.4882194995880128},"rotation":{"x":-0.03677501529455185,"y":0.8688268661499023,"z":-0.06528450548648834,"w":-0.48941370844841006},"size":4.5746870040893559,"orthographic":false}