{"cameraMode":{"drawMode":0,"name":"Shaded","section":"Shading Mode"},"sceneLighting":true,"audioPlay":false,"sceneViewState":{"showFog":false,"showMaterialUpdate":false,"showSkybox":false,"showFlares":false,"showImageEffects":false,"showParticleSystems":false},"in2DMode":false,"pivot":{"x":2.6011199951171877,"y":1.2320737838745118,"z":-15.561588287353516},"rotation":{"x":-0.013905235566198826,"y":0.9855994582176209,"z":-0.1338701993227005,"w":-0.10237538069486618},"size":25.75754737854004,"orthographic":false}