{"cameraMode":{"drawMode":0,"name":"Shaded","section":"Shading Mode"},"sceneLighting":false,"audioPlay":false,"sceneViewState":{"showFog":false,"showMaterialUpdate":false,"showSkybox":false,"showFlares":false,"showImageEffects":false,"showParticleSystems":false},"in2DMode":false,"pivot":{"x":2.680488109588623,"y":0.8014076948165894,"z":-10.594137191772461},"rotation":{"x":0.0021308641880750658,"y":0.9938232898712158,"z":-0.019382115453481675,"w":0.10926023870706558},"size":6.793004035949707,"orthographic":false}