{"cameraMode":{"drawMode":0,"name":"Shaded","section":"Shading Mode"},"sceneLighting":true,"audioPlay":false,"sceneViewState":{"showFog":false,"showMaterialUpdate":false,"showSkybox":false,"showFlares":false,"showImageEffects":false,"showParticleSystems":false},"in2DMode":false,"pivot":{"x":-2.3189523220062258,"y":-0.5550775527954102,"z":-5.713351726531982},"rotation":{"x":-0.016874952241778375,"y":0.981048583984375,"z":-0.16487154364585877,"w":-0.10041521489620209},"size":5.356701374053955,"orthographic":false}