{"cameraMode":{"drawMode":0,"name":"Shaded","section":"Shading Mode"},"sceneLighting":true,"audioPlay":false,"sceneViewState":{"showFog":false,"showMaterialUpdate":false,"showSkybox":false,"showFlares":false,"showImageEffects":false,"showParticleSystems":false},"in2DMode":false,"pivot":{"x":0.02606356143951416,"y":3.9070236682891847,"z":0.3647248148918152},"rotation":{"x":-0.0029669178184121849,"y":0.9969810247421265,"z":-0.0493909977376461,"w":-0.05989089980721474},"size":3.962170362472534,"orthographic":true}