{"cameraMode":{"drawMode":0,"name":"Shaded","section":"Shading Mode"},"sceneLighting":true,"audioPlay":false,"sceneViewState":{"showFog":false,"showMaterialUpdate":false,"showSkybox":false,"showFlares":false,"showImageEffects":false,"showParticleSystems":false},"in2DMode":false,"pivot":{"x":-3.360300064086914,"y":2.190728187561035,"z":-0.029398441314697267},"rotation":{"x":0.027888277545571328,"y":-0.9720703959465027,"z":0.15976297855377198,"w":0.1696612387895584},"size":2.043471574783325,"orthographic":false}