{"cameraMode":{"drawMode":0,"name":"Shaded","section":"Shading Mode"},"sceneLighting":true,"audioPlay":false,"sceneViewState":{"showFog":false,"showMaterialUpdate":false,"showSkybox":false,"showFlares":false,"showImageEffects":false,"showParticleSystems":false},"in2DMode":false,"pivot":{"x":-2.063302516937256,"y":1.0415332317352296,"z":0.20576298236846925},"rotation":{"x":0.1068146601319313,"y":-0.7895506024360657,"z":0.14367417991161347,"w":0.5869918465614319},"size":3.335886001586914,"orthographic":false}