{"cameraMode":{"drawMode":0,"name":"Shaded","section":"Shading Mode"},"sceneLighting":true,"audioPlay":false,"sceneViewState":{"showFog":false,"showMaterialUpdate":false,"showSkybox":false,"showFlares":false,"showImageEffects":false,"showParticleSystems":false},"in2DMode":false,"pivot":{"x":-1.6193821430206299,"y":0.7716186046600342,"z":-1.3851919174194337},"rotation":{"x":0.06308548897504807,"y":-0.9012441635131836,"z":0.14036081731319428,"w":0.4050658047199249},"size":2.731762647628784,"orthographic":false}