{"cameraMode":{"drawMode":0,"name":"Shaded","section":"Shading Mode"},"sceneLighting":true,"audioPlay":false,"sceneViewState":{"showFog":false,"showMaterialUpdate":false,"showSkybox":false,"showFlares":false,"showImageEffects":false,"showParticleSystems":false},"in2DMode":false,"pivot":{"x":-2.912775993347168,"y":1.7025442123413087,"z":1.2647135257720948},"rotation":{"x":0.09817788749933243,"y":-0.8199769854545593,"z":0.1479405015707016,"w":0.5441622138023377},"size":5.726330757141113,"orthographic":false}