{"cameraMode":{"drawMode":0,"name":"Shaded","section":"Shading Mode"},"sceneLighting":true,"audioPlay":false,"sceneViewState":{"showFog":false,"showMaterialUpdate":false,"showSkybox":false,"showFlares":false,"showImageEffects":false,"showParticleSystems":false},"in2DMode":false,"pivot":{"x":-5.165849685668945,"y":-1.7282943725585938,"z":1.5733375549316407},"rotation":{"x":-0.013905235566198826,"y":0.9855994582176209,"z":-0.1338701993227005,"w":-0.10237538069486618},"size":11.613263130187989,"orthographic":false}