{"cameraMode":{"drawMode":0,"name":"Shaded","section":"Shading Mode"},"sceneLighting":false,"audioPlay":false,"sceneViewState":{"showFog":false,"showMaterialUpdate":false,"showSkybox":false,"showFlares":false,"showImageEffects":false,"showParticleSystems":false},"in2DMode":false,"pivot":{"x":0.5532569885253906,"y":0.09294550120830536,"z":1.4631755352020264},"rotation":{"x":0.029961345717310907,"y":-0.04766362905502319,"z":0.001430658856406808,"w":0.998414933681488},"size":3.3311378955841066,"orthographic":true}