{"cameraMode":{"drawMode":0,"name":"Shaded","section":"Shading Mode"},"sceneLighting":false,"audioPlay":false,"sceneViewState":{"showFog":false,"showMaterialUpdate":false,"showSkybox":false,"showFlares":false,"showImageEffects":false,"showParticleSystems":false},"in2DMode":false,"pivot":{"x":2.7699546813964845,"y":4.267620086669922,"z":-0.5496994853019714},"rotation":{"x":0.011711553670465947,"y":-0.9873030781745911,"z":0.08760517090559006,"w":0.13198889791965486},"size":1.622788906097412,"orthographic":false}