{"cameraMode":{"drawMode":0,"name":"Shaded","section":"Shading Mode"},"sceneLighting":true,"audioPlay":false,"sceneViewState":{"showFog":false,"showMaterialUpdate":false,"showSkybox":false,"showFlares":false,"showImageEffects":false,"showParticleSystems":false},"in2DMode":false,"pivot":{"x":-3.000447988510132,"y":0.34130239486694338,"z":-9.573891639709473},"rotation":{"x":0.01383048016577959,"y":-0.9860194325447083,"z":0.10840275883674622,"w":0.12580019235610963},"size":6.2196269035339359,"orthographic":false}