{"cameraMode":{"drawMode":0,"name":"Shaded","section":"Shading Mode"},"sceneLighting":true,"audioPlay":false,"sceneViewState":{"showFog":false,"showMaterialUpdate":false,"showSkybox":false,"showFlares":false,"showImageEffects":false,"showParticleSystems":false},"in2DMode":false,"pivot":{"x":0.6629999876022339,"y":2.6319494247436525,"z":-0.0027916431427001955},"rotation":{"x":-0.0005196944694034755,"y":0.9848983287811279,"z":-0.0029548704624176027,"w":-0.1731235384941101},"size":4.321268081665039,"orthographic":true}