{"cameraMode":{"drawMode":0,"name":"Shaded","section":"Shading Mode"},"sceneLighting":false,"audioPlay":false,"sceneViewState":{"showFog":false,"showMaterialUpdate":false,"showSkybox":false,"showFlares":false,"showImageEffects":false,"showParticleSystems":false},"in2DMode":false,"pivot":{"x":4.188182830810547,"y":-12.329349517822266,"z":-2.8750786781311037},"rotation":{"x":-0.013905235566198826,"y":0.9855994582176209,"z":-0.1338701993227005,"w":-0.10237538069486618},"size":10.0,"orthographic":false}