{"cameraMode":{"drawMode":0,"name":"Shaded","section":"Shading Mode"},"sceneLighting":true,"audioPlay":false,"sceneViewState":{"showFog":false,"showMaterialUpdate":false,"showSkybox":false,"showFlares":false,"showImageEffects":false,"showParticleSystems":false},"in2DMode":false,"pivot":{"x":-4.063961029052734,"y":-1.857318639755249,"z":-18.311601638793947},"rotation":{"x":0.0034816237166523935,"y":0.9949798583984375,"z":-0.09280075877904892,"w":0.03732919320464134},"size":12.099480628967286,"orthographic":false}