{"cameraMode":{"drawMode":0,"name":"Shaded","section":"Shading Mode"},"sceneLighting":false,"audioPlay":false,"sceneViewState":{"showFog":false,"showMaterialUpdate":false,"showSkybox":false,"showFlares":false,"showImageEffects":false,"showParticleSystems":false},"in2DMode":false,"pivot":{"x":11.938105583190918,"y":1.3164119720458985,"z":38.760501861572269},"rotation":{"x":-0.0037108103279024364,"y":0.9952114820480347,"z":-0.04182404652237892,"w":-0.08830659836530686},"size":41.22369384765625,"orthographic":false}