{"cameraMode":{"drawMode":0,"name":"Shaded","section":"Shading Mode"},"sceneLighting":false,"audioPlay":false,"sceneViewState":{"showFog":false,"showMaterialUpdate":false,"showSkybox":false,"showFlares":false,"showImageEffects":false,"showParticleSystems":false},"in2DMode":false,"pivot":{"x":0.35603976249694826,"y":-12.952213287353516,"z":15.355659484863282},"rotation":{"x":0.2427578866481781,"y":-0.03782200068235397,"z":0.00947235245257616,"w":0.9693031311035156},"size":18.192224502563478,"orthographic":false}