{"cameraMode":{"drawMode":0,"name":"Shaded","section":"Shading Mode"},"sceneLighting":true,"audioPlay":false,"sceneViewState":{"showFog":false,"showMaterialUpdate":false,"showSkybox":false,"showFlares":false,"showImageEffects":false,"showParticleSystems":false},"in2DMode":false,"pivot":{"x":0.06552249193191529,"y":1.1849257946014405,"z":-3.6348824501037599},"rotation":{"x":-0.002375067677348852,"y":-0.9975088238716126,"z":0.05691976472735405,"w":-0.0416237935423851},"size":3.6358861923217775,"orthographic":false}