{"cameraMode":{"drawMode":0,"name":"Shaded","section":"Shading Mode"},"sceneLighting":true,"audioPlay":false,"sceneViewState":{"showFog":false,"showMaterialUpdate":false,"showSkybox":false,"showFlares":false,"showImageEffects":false,"showParticleSystems":false},"in2DMode":false,"pivot":{"x":1.785573959350586,"y":2.141615390777588,"z":2.1620445251464845},"rotation":{"x":-0.030741896480321885,"y":0.9634333848953247,"z":-0.12644700706005097,"w":-0.23423713445663453},"size":-0.6171473264694214,"orthographic":false}