{"cameraMode":{"drawMode":0,"name":"Shaded","section":"Shading Mode"},"sceneLighting":false,"audioPlay":false,"sceneViewState":{"showFog":false,"showMaterialUpdate":false,"showSkybox":false,"showFlares":false,"showImageEffects":false,"showParticleSystems":false},"in2DMode":false,"pivot":{"x":-13.866310119628907,"y":-20.811691284179689,"z":-63.82806396484375},"rotation":{"x":-0.03677317127585411,"y":0.9510851502418518,"z":-0.12482643872499466,"w":-0.28019434213638308},"size":30.12660026550293,"orthographic":false}