{"cameraMode":{"drawMode":0,"name":"Shaded","section":"Shading Mode"},"sceneLighting":false,"audioPlay":false,"sceneViewState":{"showFog":false,"showMaterialUpdate":false,"showSkybox":false,"showFlares":false,"showImageEffects":false,"showParticleSystems":false},"in2DMode":false,"pivot":{"x":-1.3123524188995362,"y":-2.309220790863037,"z":0.7265338897705078},"rotation":{"x":0.31487736105918887,"y":-0.1987421065568924,"z":0.06760769337415695,"w":0.9256255626678467},"size":5.127883434295654,"orthographic":false}