{"cameraMode":{"drawMode":0,"name":"Shaded","section":"Shading Mode"},"sceneLighting":false,"audioPlay":false,"sceneViewState":{"showFog":false,"showMaterialUpdate":false,"showSkybox":false,"showFlares":false,"showImageEffects":false,"showParticleSystems":false},"in2DMode":false,"pivot":{"x":-0.6957340240478516,"y":0.09819483757019043,"z":0.330019474029541},"rotation":{"x":-0.030741896480321885,"y":0.9634333848953247,"z":-0.12644700706005097,"w":-0.23423713445663453},"size":3.1563541889190676,"orthographic":false}