{"cameraMode":{"drawMode":0,"name":"Shaded","section":"Shading Mode"},"sceneLighting":true,"audioPlay":false,"sceneViewState":{"showFog":false,"showMaterialUpdate":false,"showSkybox":false,"showFlares":false,"showImageEffects":false,"showParticleSystems":false},"in2DMode":false,"pivot":{"x":0.6446593999862671,"y":1.649451732635498,"z":0.26001107692718508},"rotation":{"x":0.17462877929210664,"y":-0.41087430715560915,"z":0.08051154017448425,"w":0.891182541847229},"size":0.9358863234519959,"orthographic":false}