{"cameraMode":{"drawMode":0,"name":"Shaded","section":"Shading Mode"},"sceneLighting":true,"audioPlay":false,"sceneViewState":{"showFog":false,"showMaterialUpdate":false,"showSkybox":false,"showFlares":false,"showImageEffects":false,"showParticleSystems":false},"in2DMode":false,"pivot":{"x":1.2973294258117676,"y":-2.0999515056610109,"z":-17.949905395507814},"rotation":{"x":0.011760134249925614,"y":0.9878764152526856,"z":-0.09512848407030106,"w":0.12212524563074112},"size":13.576193809509278,"orthographic":false}