{"cameraMode":{"drawMode":0,"name":"Shaded","section":"Shading Mode"},"sceneLighting":false,"audioPlay":false,"sceneViewState":{"showFog":false,"showMaterialUpdate":false,"showSkybox":false,"showFlares":false,"showImageEffects":false,"showParticleSystems":false},"in2DMode":false,"pivot":{"x":-2.0481481552124025,"y":0.602043628692627,"z":-10.626255989074707},"rotation":{"x":-0.006035823840647936,"y":0.9938936829566956,"z":-0.07168412208557129,"w":-0.08368346840143204},"size":8.027528762817383,"orthographic":false}