{"cameraMode":{"drawMode":0,"name":"Shaded","section":"Shading Mode"},"sceneLighting":true,"audioPlay":false,"sceneViewState":{"showFog":false,"showMaterialUpdate":false,"showSkybox":false,"showFlares":false,"showImageEffects":false,"showParticleSystems":false},"in2DMode":false,"pivot":{"x":-0.08738410472869873,"y":2.0474205017089845,"z":0.07797861099243164},"rotation":{"x":0.0185407605022192,"y":0.9783728122711182,"z":-0.1795506775379181,"w":0.10102903842926026},"size":2.2990448474884035,"orthographic":false}