{"cameraMode":{"drawMode":0,"name":"Shaded","section":"Shading Mode"},"sceneLighting":false,"audioPlay":false,"sceneViewState":{"showFog":false,"showMaterialUpdate":false,"showSkybox":false,"showFlares":false,"showImageEffects":false,"showParticleSystems":false},"in2DMode":false,"pivot":{"x":-37.74754333496094,"y":-14.833160400390625,"z":5.012618541717529},"rotation":{"x":0.130214124917984,"y":-0.6869081258773804,"z":0.1271267533302307,"w":0.7035940289497376},"size":31.725914001464845,"orthographic":false}