{"cameraMode":{"drawMode":0,"name":"Shaded","section":"Shading Mode"},"sceneLighting":true,"audioPlay":false,"sceneViewState":{"showFog":false,"showMaterialUpdate":false,"showSkybox":false,"showFlares":false,"showImageEffects":false,"showParticleSystems":false},"in2DMode":false,"pivot":{"x":-2.445323944091797,"y":-5.791543006896973,"z":23.548912048339845},"rotation":{"x":-0.19166584312915803,"y":-0.019718622788786889,"z":0.003851353656500578,"w":-0.9812549948692322},"size":17.77045440673828,"orthographic":false}