{"cameraMode":{"drawMode":0,"name":"Shaded","section":"Shading Mode"},"sceneLighting":false,"audioPlay":false,"sceneViewState":{"showFog":false,"showMaterialUpdate":false,"showSkybox":false,"showFlares":false,"showImageEffects":false,"showParticleSystems":false},"in2DMode":false,"pivot":{"x":6.348110198974609,"y":4.029690265655518,"z":-1.5087766647338868},"rotation":{"x":-0.013854759745299816,"y":0.9578420519828796,"z":-0.046873707324266437,"w":-0.2831098437309265},"size":1.7041857242584229,"orthographic":false}