{"cameraMode":{"drawMode":0,"name":"Shaded","section":"Shading Mode"},"sceneLighting":true,"audioPlay":false,"sceneViewState":{"showFog":false,"showMaterialUpdate":false,"showSkybox":false,"showFlares":false,"showImageEffects":false,"showParticleSystems":false},"in2DMode":false,"pivot":{"x":-0.08448386192321778,"y":1.0950547456741334,"z":-0.6945278644561768},"rotation":{"x":-0.04667777195572853,"y":0.9484265446662903,"z":-0.16671212017536164,"w":-0.2655505836009979},"size":2.4356563091278078,"orthographic":false}