{"cameraMode":{"drawMode":0,"name":"Shaded","section":"Shading Mode"},"sceneLighting":false,"audioPlay":false,"sceneViewState":{"showFog":false,"showMaterialUpdate":false,"showSkybox":false,"showFlares":false,"showImageEffects":false,"showParticleSystems":false},"in2DMode":false,"pivot":{"x":-3.8821849822998049,"y":2.9577414989471437,"z":-2.081876516342163},"rotation":{"x":-0.026132732629776,"y":0.9618179202079773,"z":-0.25380566716194155,"w":-0.09903190284967423},"size":3.952455759048462,"orthographic":false}