{"cameraMode":{"drawMode":0,"name":"Shaded","section":"Shading Mode"},"sceneLighting":true,"audioPlay":false,"sceneViewState":{"showFog":false,"showMaterialUpdate":false,"showSkybox":false,"showFlares":false,"showImageEffects":false,"showParticleSystems":false},"in2DMode":false,"pivot":{"x":0.9996790885925293,"y":4.472565174102783,"z":-3.0926637649536135},"rotation":{"x":0.01701781339943409,"y":-0.9133808016777039,"z":-0.038384608924388888,"w":-0.40494221448898318},"size":5.493452072143555,"orthographic":false}