{"cameraMode":{"drawMode":0,"name":"Shaded","section":"Shading Mode"},"sceneLighting":true,"audioPlay":false,"sceneViewState":{"showFog":false,"showMaterialUpdate":false,"showSkybox":false,"showFlares":false,"showImageEffects":false,"showParticleSystems":false},"in2DMode":false,"pivot":{"x":-5.840600490570068,"y":-0.528186559677124,"z":-6.69099760055542},"rotation":{"x":-0.002596515230834484,"y":0.994480311870575,"z":-0.10179029405117035,"w":-0.02536536008119583},"size":5.604869365692139,"orthographic":false}