{"cameraMode":{"drawMode":0,"name":"Shaded","section":"Shading Mode"},"sceneLighting":true,"audioPlay":false,"sceneViewState":{"showFog":false,"showMaterialUpdate":false,"showSkybox":false,"showFlares":false,"showImageEffects":false,"showParticleSystems":false},"in2DMode":false,"pivot":{"x":14.059430122375489,"y":-3.099820137023926,"z":-18.39332389831543},"rotation":{"x":-0.02174023538827896,"y":-0.9782227277755737,"z":0.15024402737617494,"w":-0.14155034720897675},"size":13.73469352722168,"orthographic":false}