{"cameraMode":{"drawMode":0,"name":"Shaded","section":"Shading Mode"},"sceneLighting":true,"audioPlay":false,"sceneViewState":{"showFog":false,"showMaterialUpdate":false,"showSkybox":false,"showFlares":false,"showImageEffects":false,"showParticleSystems":false},"in2DMode":false,"pivot":{"x":-2.913630485534668,"y":1.911719799041748,"z":-1.0696868896484376},"rotation":{"x":0.036229416728019717,"y":-0.9429746270179749,"z":0.10940048843622208,"w":0.3122784495353699},"size":5.635047912597656,"orthographic":false}