{"cameraMode":{"drawMode":0,"name":"Shaded","section":"Shading Mode"},"sceneLighting":false,"audioPlay":false,"sceneViewState":{"showFog":false,"showMaterialUpdate":false,"showSkybox":false,"showFlares":false,"showImageEffects":false,"showParticleSystems":false},"in2DMode":false,"pivot":{"x":0.12709102034568788,"y":1.7202736139297486,"z":-1.706256628036499},"rotation":{"x":0.08687622845172882,"y":-0.017930958420038224,"z":0.0015639412449672819,"w":0.9960564970970154},"size":1.5635132789611817,"orthographic":false}