{"cameraMode":{"drawMode":0,"name":"Shaded","section":"Shading Mode"},"sceneLighting":false,"audioPlay":false,"sceneViewState":{"showFog":false,"showMaterialUpdate":false,"showSkybox":false,"showFlares":false,"showImageEffects":false,"showParticleSystems":false},"in2DMode":false,"pivot":{"x":1.1705570220947266,"y":-0.575002908706665,"z":8.540362358093262},"rotation":{"x":-0.08329266309738159,"y":0.7130950689315796,"z":-0.08598518371582031,"w":-0.6907743811607361},"size":6.1155009269714359,"orthographic":false}