{"cameraMode":{"drawMode":0,"name":"Shaded","section":"Shading Mode"},"sceneLighting":true,"audioPlay":false,"sceneViewState":{"showFog":false,"showMaterialUpdate":false,"showSkybox":false,"showFlares":false,"showImageEffects":false,"showParticleSystems":false},"in2DMode":false,"pivot":{"x":-0.542104959487915,"y":1.6282689571380616,"z":-0.44518470764160159},"rotation":{"x":-0.024655506014823915,"y":0.9752665162086487,"z":-0.148893803358078,"w":-0.1614958643913269},"size":2.2990448474884035,"orthographic":false}