{"cameraMode":{"drawMode":0,"name":"Shaded","section":"Shading Mode"},"sceneLighting":false,"audioPlay":false,"sceneViewState":{"showFog":false,"showMaterialUpdate":false,"showSkybox":false,"showFlares":false,"showImageEffects":false,"showParticleSystems":false},"in2DMode":false,"pivot":{"x":-0.5158662796020508,"y":-2.805788040161133,"z":-2.6403989791870119},"rotation":{"x":0.2032628208398819,"y":-0.7809553742408752,"z":0.3196471035480499,"w":0.4966082274913788},"size":8.251769065856934,"orthographic":false}