{"cameraMode":{"drawMode":0,"name":"Shaded","section":"Shading Mode"},"sceneLighting":false,"audioPlay":false,"sceneViewState":{"showFog":false,"showMaterialUpdate":false,"showSkybox":false,"showFlares":false,"showImageEffects":false,"showParticleSystems":false},"in2DMode":false,"pivot":{"x":18.598806381225587,"y":-6.29584264755249,"z":-4.850499153137207},"rotation":{"x":-0.09841824322938919,"y":-0.7690032720565796,"z":0.12213052064180374,"w":-0.6197111010551453},"size":12.930206298828125,"orthographic":false}