{"cameraMode":{"drawMode":0,"name":"Shaded","section":"Shading Mode"},"sceneLighting":true,"audioPlay":false,"sceneViewState":{"showFog":false,"showMaterialUpdate":false,"showSkybox":false,"showFlares":false,"showImageEffects":false,"showParticleSystems":false},"in2DMode":false,"pivot":{"x":-0.8582658767700195,"y":0.6469087600708008,"z":-3.4484658241271974},"rotation":{"x":-0.003985284827649593,"y":0.9936351776123047,"z":-0.10622405260801316,"w":-0.037278853356838229},"size":3.0417332649230959,"orthographic":false}